{"nodes": 4039, "edges": 88234, "components": 1, "density": 0.010819963503439287, "average_clustering": 0.6055467186200862, "average_shortest_path_length": 3.6925068496963913, "diameter": 8, "average_degree": 43.69101262688784}